,nino12,nino34,cbm,nino12_cp,nino34_cp,cbm_cp
2021-09-01 12:00:00,20.723972,26.421827,12.6176195,20.728138,26.421295,12.698307
